--
-- PostgreSQL database dump
--

-- Dumped from database version 9.6.1
-- Dumped by pg_dump version 9.6.1

SET statement_timeout = 0;
SET lock_timeout = 0;
SET idle_in_transaction_session_timeout = 0;
SET client_encoding = 'UTF8';
SET standard_conforming_strings = on;
SET check_function_bodies = false;
SET client_min_messages = warning;
SET row_security = off;

--
-- Name: plpgsql; Type: EXTENSION; Schema: -; Owner: -
--

CREATE EXTENSION IF NOT EXISTS plpgsql WITH SCHEMA pg_catalog;


--
-- Name: EXTENSION plpgsql; Type: COMMENT; Schema: -; Owner: -
--

COMMENT ON EXTENSION plpgsql IS 'PL/pgSQL procedural language';


SET search_path = public, pg_catalog;

SET default_tablespace = '';

SET default_with_oids = false;

--
-- Name: auth_group; Type: TABLE; Schema: public; Owner: -
--

CREATE TABLE auth_group (
    id integer NOT NULL,
    name character varying(80) NOT NULL
);


--
-- Name: auth_group_id_seq; Type: SEQUENCE; Schema: public; Owner: -
--

CREATE SEQUENCE auth_group_id_seq
    START WITH 1
    INCREMENT BY 1
    NO MINVALUE
    NO MAXVALUE
    CACHE 1;


--
-- Name: auth_group_id_seq; Type: SEQUENCE OWNED BY; Schema: public; Owner: -
--

ALTER SEQUENCE auth_group_id_seq OWNED BY auth_group.id;


--
-- Name: auth_group_permissions; Type: TABLE; Schema: public; Owner: -
--

CREATE TABLE auth_group_permissions (
    id integer NOT NULL,
    group_id integer NOT NULL,
    permission_id integer NOT NULL
);


--
-- Name: auth_group_permissions_id_seq; Type: SEQUENCE; Schema: public; Owner: -
--

CREATE SEQUENCE auth_group_permissions_id_seq
    START WITH 1
    INCREMENT BY 1
    NO MINVALUE
    NO MAXVALUE
    CACHE 1;


--
-- Name: auth_group_permissions_id_seq; Type: SEQUENCE OWNED BY; Schema: public; Owner: -
--

ALTER SEQUENCE auth_group_permissions_id_seq OWNED BY auth_group_permissions.id;


--
-- Name: auth_permission; Type: TABLE; Schema: public; Owner: -
--

CREATE TABLE auth_permission (
    id integer NOT NULL,
    name character varying(255) NOT NULL,
    content_type_id integer NOT NULL,
    codename character varying(100) NOT NULL
);


--
-- Name: auth_permission_id_seq; Type: SEQUENCE; Schema: public; Owner: -
--

CREATE SEQUENCE auth_permission_id_seq
    START WITH 1
    INCREMENT BY 1
    NO MINVALUE
    NO MAXVALUE
    CACHE 1;


--
-- Name: auth_permission_id_seq; Type: SEQUENCE OWNED BY; Schema: public; Owner: -
--

ALTER SEQUENCE auth_permission_id_seq OWNED BY auth_permission.id;


--
-- Name: auth_user; Type: TABLE; Schema: public; Owner: -
--

CREATE TABLE auth_user (
    id integer NOT NULL,
    password character varying(128) NOT NULL,
    last_login timestamp with time zone,
    is_superuser boolean NOT NULL,
    username character varying(150) NOT NULL,
    first_name character varying(30) NOT NULL,
    last_name character varying(30) NOT NULL,
    email character varying(254) NOT NULL,
    is_staff boolean NOT NULL,
    is_active boolean NOT NULL,
    date_joined timestamp with time zone NOT NULL
);


--
-- Name: auth_user_groups; Type: TABLE; Schema: public; Owner: -
--

CREATE TABLE auth_user_groups (
    id integer NOT NULL,
    user_id integer NOT NULL,
    group_id integer NOT NULL
);


--
-- Name: auth_user_groups_id_seq; Type: SEQUENCE; Schema: public; Owner: -
--

CREATE SEQUENCE auth_user_groups_id_seq
    START WITH 1
    INCREMENT BY 1
    NO MINVALUE
    NO MAXVALUE
    CACHE 1;


--
-- Name: auth_user_groups_id_seq; Type: SEQUENCE OWNED BY; Schema: public; Owner: -
--

ALTER SEQUENCE auth_user_groups_id_seq OWNED BY auth_user_groups.id;


--
-- Name: auth_user_id_seq; Type: SEQUENCE; Schema: public; Owner: -
--

CREATE SEQUENCE auth_user_id_seq
    START WITH 1
    INCREMENT BY 1
    NO MINVALUE
    NO MAXVALUE
    CACHE 1;


--
-- Name: auth_user_id_seq; Type: SEQUENCE OWNED BY; Schema: public; Owner: -
--

ALTER SEQUENCE auth_user_id_seq OWNED BY auth_user.id;


--
-- Name: auth_user_user_permissions; Type: TABLE; Schema: public; Owner: -
--

CREATE TABLE auth_user_user_permissions (
    id integer NOT NULL,
    user_id integer NOT NULL,
    permission_id integer NOT NULL
);


--
-- Name: auth_user_user_permissions_id_seq; Type: SEQUENCE; Schema: public; Owner: -
--

CREATE SEQUENCE auth_user_user_permissions_id_seq
    START WITH 1
    INCREMENT BY 1
    NO MINVALUE
    NO MAXVALUE
    CACHE 1;


--
-- Name: auth_user_user_permissions_id_seq; Type: SEQUENCE OWNED BY; Schema: public; Owner: -
--

ALTER SEQUENCE auth_user_user_permissions_id_seq OWNED BY auth_user_user_permissions.id;


--
-- Name: django_admin_log; Type: TABLE; Schema: public; Owner: -
--

CREATE TABLE django_admin_log (
    id integer NOT NULL,
    action_time timestamp with time zone NOT NULL,
    object_id text,
    object_repr character varying(200) NOT NULL,
    action_flag smallint NOT NULL,
    change_message text NOT NULL,
    content_type_id integer,
    user_id integer NOT NULL,
    CONSTRAINT django_admin_log_action_flag_check CHECK ((action_flag >= 0))
);


--
-- Name: django_admin_log_id_seq; Type: SEQUENCE; Schema: public; Owner: -
--

CREATE SEQUENCE django_admin_log_id_seq
    START WITH 1
    INCREMENT BY 1
    NO MINVALUE
    NO MAXVALUE
    CACHE 1;


--
-- Name: django_admin_log_id_seq; Type: SEQUENCE OWNED BY; Schema: public; Owner: -
--

ALTER SEQUENCE django_admin_log_id_seq OWNED BY django_admin_log.id;


--
-- Name: django_content_type; Type: TABLE; Schema: public; Owner: -
--

CREATE TABLE django_content_type (
    id integer NOT NULL,
    app_label character varying(100) NOT NULL,
    model character varying(100) NOT NULL
);


--
-- Name: django_content_type_id_seq; Type: SEQUENCE; Schema: public; Owner: -
--

CREATE SEQUENCE django_content_type_id_seq
    START WITH 1
    INCREMENT BY 1
    NO MINVALUE
    NO MAXVALUE
    CACHE 1;


--
-- Name: django_content_type_id_seq; Type: SEQUENCE OWNED BY; Schema: public; Owner: -
--

ALTER SEQUENCE django_content_type_id_seq OWNED BY django_content_type.id;


--
-- Name: django_migrations; Type: TABLE; Schema: public; Owner: -
--

CREATE TABLE django_migrations (
    id integer NOT NULL,
    app character varying(255) NOT NULL,
    name character varying(255) NOT NULL,
    applied timestamp with time zone NOT NULL
);


--
-- Name: django_migrations_id_seq; Type: SEQUENCE; Schema: public; Owner: -
--

CREATE SEQUENCE django_migrations_id_seq
    START WITH 1
    INCREMENT BY 1
    NO MINVALUE
    NO MAXVALUE
    CACHE 1;


--
-- Name: django_migrations_id_seq; Type: SEQUENCE OWNED BY; Schema: public; Owner: -
--

ALTER SEQUENCE django_migrations_id_seq OWNED BY django_migrations.id;


--
-- Name: django_session; Type: TABLE; Schema: public; Owner: -
--

CREATE TABLE django_session (
    session_key character varying(40) NOT NULL,
    session_data text NOT NULL,
    expire_date timestamp with time zone NOT NULL
);


--
-- Name: steelframe_eventlog; Type: TABLE; Schema: public; Owner: -
--

CREATE TABLE steelframe_eventlog (
    id integer NOT NULL,
    event_name character varying(200) NOT NULL,
    created_date timestamp with time zone NOT NULL,
    friend_id integer NOT NULL
);


--
-- Name: steelframe_eventlog_id_seq; Type: SEQUENCE; Schema: public; Owner: -
--

CREATE SEQUENCE steelframe_eventlog_id_seq
    START WITH 1
    INCREMENT BY 1
    NO MINVALUE
    NO MAXVALUE
    CACHE 1;


--
-- Name: steelframe_eventlog_id_seq; Type: SEQUENCE OWNED BY; Schema: public; Owner: -
--

ALTER SEQUENCE steelframe_eventlog_id_seq OWNED BY steelframe_eventlog.id;


--
-- Name: steelframe_friend; Type: TABLE; Schema: public; Owner: -
--

CREATE TABLE steelframe_friend (
    id integer NOT NULL,
    display_name character varying(200) NOT NULL,
    friend_type character varying(100) NOT NULL,
    user_id character varying(100) NOT NULL,
    platform character varying(100) NOT NULL,
    created_date timestamp with time zone NOT NULL,
    modified_date timestamp with time zone NOT NULL
);


--
-- Name: steelframe_friend_id_seq; Type: SEQUENCE; Schema: public; Owner: -
--

CREATE SEQUENCE steelframe_friend_id_seq
    START WITH 1
    INCREMENT BY 1
    NO MINVALUE
    NO MAXVALUE
    CACHE 1;


--
-- Name: steelframe_friend_id_seq; Type: SEQUENCE OWNED BY; Schema: public; Owner: -
--

ALTER SEQUENCE steelframe_friend_id_seq OWNED BY steelframe_friend.id;


--
-- Name: steelframe_knownmessage; Type: TABLE; Schema: public; Owner: -
--

CREATE TABLE steelframe_knownmessage (
    id integer NOT NULL,
    say character varying(200) NOT NULL,
    reply character varying(200),
    friend_id integer NOT NULL
);


--
-- Name: steelframe_knownmessage_id_seq; Type: SEQUENCE; Schema: public; Owner: -
--

CREATE SEQUENCE steelframe_knownmessage_id_seq
    START WITH 1
    INCREMENT BY 1
    NO MINVALUE
    NO MAXVALUE
    CACHE 1;


--
-- Name: steelframe_knownmessage_id_seq; Type: SEQUENCE OWNED BY; Schema: public; Owner: -
--

ALTER SEQUENCE steelframe_knownmessage_id_seq OWNED BY steelframe_knownmessage.id;


--
-- Name: steelframe_statechat; Type: TABLE; Schema: public; Owner: -
--

CREATE TABLE steelframe_statechat (
    id integer NOT NULL,
    state character varying(100) NOT NULL,
    modified_date timestamp with time zone NOT NULL,
    friend_id integer NOT NULL
);


--
-- Name: steelframe_statechat_id_seq; Type: SEQUENCE; Schema: public; Owner: -
--

CREATE SEQUENCE steelframe_statechat_id_seq
    START WITH 1
    INCREMENT BY 1
    NO MINVALUE
    NO MAXVALUE
    CACHE 1;


--
-- Name: steelframe_statechat_id_seq; Type: SEQUENCE OWNED BY; Schema: public; Owner: -
--

ALTER SEQUENCE steelframe_statechat_id_seq OWNED BY steelframe_statechat.id;


--
-- Name: auth_group id; Type: DEFAULT; Schema: public; Owner: -
--

ALTER TABLE ONLY auth_group ALTER COLUMN id SET DEFAULT nextval('auth_group_id_seq'::regclass);


--
-- Name: auth_group_permissions id; Type: DEFAULT; Schema: public; Owner: -
--

ALTER TABLE ONLY auth_group_permissions ALTER COLUMN id SET DEFAULT nextval('auth_group_permissions_id_seq'::regclass);


--
-- Name: auth_permission id; Type: DEFAULT; Schema: public; Owner: -
--

ALTER TABLE ONLY auth_permission ALTER COLUMN id SET DEFAULT nextval('auth_permission_id_seq'::regclass);


--
-- Name: auth_user id; Type: DEFAULT; Schema: public; Owner: -
--

ALTER TABLE ONLY auth_user ALTER COLUMN id SET DEFAULT nextval('auth_user_id_seq'::regclass);


--
-- Name: auth_user_groups id; Type: DEFAULT; Schema: public; Owner: -
--

ALTER TABLE ONLY auth_user_groups ALTER COLUMN id SET DEFAULT nextval('auth_user_groups_id_seq'::regclass);


--
-- Name: auth_user_user_permissions id; Type: DEFAULT; Schema: public; Owner: -
--

ALTER TABLE ONLY auth_user_user_permissions ALTER COLUMN id SET DEFAULT nextval('auth_user_user_permissions_id_seq'::regclass);


--
-- Name: django_admin_log id; Type: DEFAULT; Schema: public; Owner: -
--

ALTER TABLE ONLY django_admin_log ALTER COLUMN id SET DEFAULT nextval('django_admin_log_id_seq'::regclass);


--
-- Name: django_content_type id; Type: DEFAULT; Schema: public; Owner: -
--

ALTER TABLE ONLY django_content_type ALTER COLUMN id SET DEFAULT nextval('django_content_type_id_seq'::regclass);


--
-- Name: django_migrations id; Type: DEFAULT; Schema: public; Owner: -
--

ALTER TABLE ONLY django_migrations ALTER COLUMN id SET DEFAULT nextval('django_migrations_id_seq'::regclass);


--
-- Name: steelframe_eventlog id; Type: DEFAULT; Schema: public; Owner: -
--

ALTER TABLE ONLY steelframe_eventlog ALTER COLUMN id SET DEFAULT nextval('steelframe_eventlog_id_seq'::regclass);


--
-- Name: steelframe_friend id; Type: DEFAULT; Schema: public; Owner: -
--

ALTER TABLE ONLY steelframe_friend ALTER COLUMN id SET DEFAULT nextval('steelframe_friend_id_seq'::regclass);


--
-- Name: steelframe_knownmessage id; Type: DEFAULT; Schema: public; Owner: -
--

ALTER TABLE ONLY steelframe_knownmessage ALTER COLUMN id SET DEFAULT nextval('steelframe_knownmessage_id_seq'::regclass);


--
-- Name: steelframe_statechat id; Type: DEFAULT; Schema: public; Owner: -
--

ALTER TABLE ONLY steelframe_statechat ALTER COLUMN id SET DEFAULT nextval('steelframe_statechat_id_seq'::regclass);


--
-- Data for Name: auth_group; Type: TABLE DATA; Schema: public; Owner: -
--

COPY auth_group (id, name) FROM stdin;
\.


--
-- Name: auth_group_id_seq; Type: SEQUENCE SET; Schema: public; Owner: -
--

SELECT pg_catalog.setval('auth_group_id_seq', 1, false);


--
-- Data for Name: auth_group_permissions; Type: TABLE DATA; Schema: public; Owner: -
--

COPY auth_group_permissions (id, group_id, permission_id) FROM stdin;
\.


--
-- Name: auth_group_permissions_id_seq; Type: SEQUENCE SET; Schema: public; Owner: -
--

SELECT pg_catalog.setval('auth_group_permissions_id_seq', 1, false);


--
-- Data for Name: auth_permission; Type: TABLE DATA; Schema: public; Owner: -
--

COPY auth_permission (id, name, content_type_id, codename) FROM stdin;
1	Can add log entry	1	add_logentry
2	Can change log entry	1	change_logentry
3	Can delete log entry	1	delete_logentry
4	Can add group	2	add_group
5	Can change group	2	change_group
6	Can delete group	2	delete_group
7	Can add permission	3	add_permission
8	Can change permission	3	change_permission
9	Can delete permission	3	delete_permission
10	Can add user	4	add_user
11	Can change user	4	change_user
12	Can delete user	4	delete_user
13	Can add content type	5	add_contenttype
14	Can change content type	5	change_contenttype
15	Can delete content type	5	delete_contenttype
16	Can add session	6	add_session
17	Can change session	6	change_session
18	Can delete session	6	delete_session
19	Can add event log	7	add_eventlog
20	Can change event log	7	change_eventlog
21	Can delete event log	7	delete_eventlog
22	Can add friend	8	add_friend
23	Can change friend	8	change_friend
24	Can delete friend	8	delete_friend
25	Can add state chat	9	add_statechat
26	Can change state chat	9	change_statechat
27	Can delete state chat	9	delete_statechat
28	Can add known message	10	add_knownmessage
29	Can change known message	10	change_knownmessage
30	Can delete known message	10	delete_knownmessage
\.


--
-- Name: auth_permission_id_seq; Type: SEQUENCE SET; Schema: public; Owner: -
--

SELECT pg_catalog.setval('auth_permission_id_seq', 30, true);


--
-- Data for Name: auth_user; Type: TABLE DATA; Schema: public; Owner: -
--

COPY auth_user (id, password, last_login, is_superuser, username, first_name, last_name, email, is_staff, is_active, date_joined) FROM stdin;
1	pbkdf2_sha256$36000$3aecisdnIhCs$WLEAdrGF0Q84rqz2OS6ySI48jYj5a3xBiU1RRxx2EZw=	2017-06-13 22:05:43.743+07	t	priewmaxim			priewmaxim@gmail.com	t	t	2017-06-13 22:05:36.784+07
\.


--
-- Data for Name: auth_user_groups; Type: TABLE DATA; Schema: public; Owner: -
--

COPY auth_user_groups (id, user_id, group_id) FROM stdin;
\.


--
-- Name: auth_user_groups_id_seq; Type: SEQUENCE SET; Schema: public; Owner: -
--

SELECT pg_catalog.setval('auth_user_groups_id_seq', 1, false);


--
-- Name: auth_user_id_seq; Type: SEQUENCE SET; Schema: public; Owner: -
--

SELECT pg_catalog.setval('auth_user_id_seq', 1, true);


--
-- Data for Name: auth_user_user_permissions; Type: TABLE DATA; Schema: public; Owner: -
--

COPY auth_user_user_permissions (id, user_id, permission_id) FROM stdin;
\.


--
-- Name: auth_user_user_permissions_id_seq; Type: SEQUENCE SET; Schema: public; Owner: -
--

SELECT pg_catalog.setval('auth_user_user_permissions_id_seq', 1, false);


--
-- Data for Name: django_admin_log; Type: TABLE DATA; Schema: public; Owner: -
--

COPY django_admin_log (id, action_time, object_id, object_repr, action_flag, change_message, content_type_id, user_id) FROM stdin;
1	2017-06-13 22:21:39.768+07	5	friend: PriewsFriends say: อะไร reply:  	3		10	1
2	2017-06-13 22:21:39.771+07	4	friend: PriewsFriends say: testing reply:  	3		10	1
3	2017-06-13 22:21:39.773+07	1	friend: PriewsFriends say: test reply:  	3		10	1
4	2017-06-13 22:46:06.69+07	6	friend: PriewsFriends say: อะไร reply: จะไปรู้มั้ยละ	2	[{"changed": {"fields": ["reply"]}}]	10	1
\.


--
-- Name: django_admin_log_id_seq; Type: SEQUENCE SET; Schema: public; Owner: -
--

SELECT pg_catalog.setval('django_admin_log_id_seq', 4, true);


--
-- Data for Name: django_content_type; Type: TABLE DATA; Schema: public; Owner: -
--

COPY django_content_type (id, app_label, model) FROM stdin;
1	admin	logentry
2	auth	group
3	auth	permission
4	auth	user
5	contenttypes	contenttype
6	sessions	session
7	steelframe	eventlog
8	steelframe	friend
9	steelframe	statechat
10	steelframe	knownmessage
\.


--
-- Name: django_content_type_id_seq; Type: SEQUENCE SET; Schema: public; Owner: -
--

SELECT pg_catalog.setval('django_content_type_id_seq', 10, true);


--
-- Data for Name: django_migrations; Type: TABLE DATA; Schema: public; Owner: -
--

COPY django_migrations (id, app, name, applied) FROM stdin;
1	contenttypes	0001_initial	2017-06-13 22:01:57.227+07
2	auth	0001_initial	2017-06-13 22:01:57.739+07
3	admin	0001_initial	2017-06-13 22:01:57.844+07
4	admin	0002_logentry_remove_auto_add	2017-06-13 22:01:57.855+07
5	contenttypes	0002_remove_content_type_name	2017-06-13 22:01:57.885+07
6	auth	0002_alter_permission_name_max_length	2017-06-13 22:01:57.894+07
7	auth	0003_alter_user_email_max_length	2017-06-13 22:01:57.907+07
8	auth	0004_alter_user_username_opts	2017-06-13 22:01:57.918+07
9	auth	0005_alter_user_last_login_null	2017-06-13 22:01:57.932+07
10	auth	0006_require_contenttypes_0002	2017-06-13 22:01:57.934+07
11	auth	0007_alter_validators_add_error_messages	2017-06-13 22:01:57.945+07
12	auth	0008_alter_user_username_max_length	2017-06-13 22:01:58.016+07
13	sessions	0001_initial	2017-06-13 22:01:58.105+07
14	steelframe	0001_initial	2017-06-13 22:01:58.385+07
15	steelframe	0002_auto_20170613_2202	2017-06-13 22:04:51.985+07
\.


--
-- Name: django_migrations_id_seq; Type: SEQUENCE SET; Schema: public; Owner: -
--

SELECT pg_catalog.setval('django_migrations_id_seq', 15, true);


--
-- Data for Name: django_session; Type: TABLE DATA; Schema: public; Owner: -
--

COPY django_session (session_key, session_data, expire_date) FROM stdin;
5bkmou0can922e9tj41yv9yatnus7154	MmE1Mzg2YWY5ZDk1ZWIyMzE0MGI0YmExMTA0NzcwN2M0ZWU4N2YwNDp7Il9hdXRoX3VzZXJfaGFzaCI6IjZlZGMyNTZiZjQzN2E0MDVmMWJiZWMwYWQyYmJiYTBiYjhhMWJmMmYiLCJfYXV0aF91c2VyX2JhY2tlbmQiOiJkamFuZ28uY29udHJpYi5hdXRoLmJhY2tlbmRzLk1vZGVsQmFja2VuZCIsIl9hdXRoX3VzZXJfaWQiOiIxIn0=	2017-06-27 22:05:43.745+07
\.


--
-- Data for Name: steelframe_eventlog; Type: TABLE DATA; Schema: public; Owner: -
--

COPY steelframe_eventlog (id, event_name, created_date, friend_id) FROM stdin;
\.


--
-- Name: steelframe_eventlog_id_seq; Type: SEQUENCE SET; Schema: public; Owner: -
--

SELECT pg_catalog.setval('steelframe_eventlog_id_seq', 1, false);


--
-- Data for Name: steelframe_friend; Type: TABLE DATA; Schema: public; Owner: -
--

COPY steelframe_friend (id, display_name, friend_type, user_id, platform, created_date, modified_date) FROM stdin;
2	PriewsFriends	GROUP	Cd837b599d26fc150abe6133ab274fe95	LINE	2017-06-13 22:04:51.982+07	2017-06-13 22:04:51.982+07
\.


--
-- Name: steelframe_friend_id_seq; Type: SEQUENCE SET; Schema: public; Owner: -
--

SELECT pg_catalog.setval('steelframe_friend_id_seq', 2, true);


--
-- Data for Name: steelframe_knownmessage; Type: TABLE DATA; Schema: public; Owner: -
--

COPY steelframe_knownmessage (id, say, reply, friend_id) FROM stdin;
7	ง่วงจัง	ไปนอนซิ	2
6	อะไร	จะไปรู้มั้ยละ	2
\.


--
-- Name: steelframe_knownmessage_id_seq; Type: SEQUENCE SET; Schema: public; Owner: -
--

SELECT pg_catalog.setval('steelframe_knownmessage_id_seq', 7, true);


--
-- Data for Name: steelframe_statechat; Type: TABLE DATA; Schema: public; Owner: -
--

COPY steelframe_statechat (id, state, modified_date, friend_id) FROM stdin;
1	WAIT	2017-06-13 22:45:43.88+07	2
\.


--
-- Name: steelframe_statechat_id_seq; Type: SEQUENCE SET; Schema: public; Owner: -
--

SELECT pg_catalog.setval('steelframe_statechat_id_seq', 1, true);


--
-- Name: auth_group auth_group_name_key; Type: CONSTRAINT; Schema: public; Owner: -
--

ALTER TABLE ONLY auth_group
    ADD CONSTRAINT auth_group_name_key UNIQUE (name);


--
-- Name: auth_group_permissions auth_group_permissions_group_id_permission_id_0cd325b0_uniq; Type: CONSTRAINT; Schema: public; Owner: -
--

ALTER TABLE ONLY auth_group_permissions
    ADD CONSTRAINT auth_group_permissions_group_id_permission_id_0cd325b0_uniq UNIQUE (group_id, permission_id);


--
-- Name: auth_group_permissions auth_group_permissions_pkey; Type: CONSTRAINT; Schema: public; Owner: -
--

ALTER TABLE ONLY auth_group_permissions
    ADD CONSTRAINT auth_group_permissions_pkey PRIMARY KEY (id);


--
-- Name: auth_group auth_group_pkey; Type: CONSTRAINT; Schema: public; Owner: -
--

ALTER TABLE ONLY auth_group
    ADD CONSTRAINT auth_group_pkey PRIMARY KEY (id);


--
-- Name: auth_permission auth_permission_content_type_id_codename_01ab375a_uniq; Type: CONSTRAINT; Schema: public; Owner: -
--

ALTER TABLE ONLY auth_permission
    ADD CONSTRAINT auth_permission_content_type_id_codename_01ab375a_uniq UNIQUE (content_type_id, codename);


--
-- Name: auth_permission auth_permission_pkey; Type: CONSTRAINT; Schema: public; Owner: -
--

ALTER TABLE ONLY auth_permission
    ADD CONSTRAINT auth_permission_pkey PRIMARY KEY (id);


--
-- Name: auth_user_groups auth_user_groups_pkey; Type: CONSTRAINT; Schema: public; Owner: -
--

ALTER TABLE ONLY auth_user_groups
    ADD CONSTRAINT auth_user_groups_pkey PRIMARY KEY (id);


--
-- Name: auth_user_groups auth_user_groups_user_id_group_id_94350c0c_uniq; Type: CONSTRAINT; Schema: public; Owner: -
--

ALTER TABLE ONLY auth_user_groups
    ADD CONSTRAINT auth_user_groups_user_id_group_id_94350c0c_uniq UNIQUE (user_id, group_id);


--
-- Name: auth_user auth_user_pkey; Type: CONSTRAINT; Schema: public; Owner: -
--

ALTER TABLE ONLY auth_user
    ADD CONSTRAINT auth_user_pkey PRIMARY KEY (id);


--
-- Name: auth_user_user_permissions auth_user_user_permissions_pkey; Type: CONSTRAINT; Schema: public; Owner: -
--

ALTER TABLE ONLY auth_user_user_permissions
    ADD CONSTRAINT auth_user_user_permissions_pkey PRIMARY KEY (id);


--
-- Name: auth_user_user_permissions auth_user_user_permissions_user_id_permission_id_14a6b632_uniq; Type: CONSTRAINT; Schema: public; Owner: -
--

ALTER TABLE ONLY auth_user_user_permissions
    ADD CONSTRAINT auth_user_user_permissions_user_id_permission_id_14a6b632_uniq UNIQUE (user_id, permission_id);


--
-- Name: auth_user auth_user_username_key; Type: CONSTRAINT; Schema: public; Owner: -
--

ALTER TABLE ONLY auth_user
    ADD CONSTRAINT auth_user_username_key UNIQUE (username);


--
-- Name: django_admin_log django_admin_log_pkey; Type: CONSTRAINT; Schema: public; Owner: -
--

ALTER TABLE ONLY django_admin_log
    ADD CONSTRAINT django_admin_log_pkey PRIMARY KEY (id);


--
-- Name: django_content_type django_content_type_app_label_model_76bd3d3b_uniq; Type: CONSTRAINT; Schema: public; Owner: -
--

ALTER TABLE ONLY django_content_type
    ADD CONSTRAINT django_content_type_app_label_model_76bd3d3b_uniq UNIQUE (app_label, model);


--
-- Name: django_content_type django_content_type_pkey; Type: CONSTRAINT; Schema: public; Owner: -
--

ALTER TABLE ONLY django_content_type
    ADD CONSTRAINT django_content_type_pkey PRIMARY KEY (id);


--
-- Name: django_migrations django_migrations_pkey; Type: CONSTRAINT; Schema: public; Owner: -
--

ALTER TABLE ONLY django_migrations
    ADD CONSTRAINT django_migrations_pkey PRIMARY KEY (id);


--
-- Name: django_session django_session_pkey; Type: CONSTRAINT; Schema: public; Owner: -
--

ALTER TABLE ONLY django_session
    ADD CONSTRAINT django_session_pkey PRIMARY KEY (session_key);


--
-- Name: steelframe_eventlog steelframe_eventlog_pkey; Type: CONSTRAINT; Schema: public; Owner: -
--

ALTER TABLE ONLY steelframe_eventlog
    ADD CONSTRAINT steelframe_eventlog_pkey PRIMARY KEY (id);


--
-- Name: steelframe_friend steelframe_friend_pkey; Type: CONSTRAINT; Schema: public; Owner: -
--

ALTER TABLE ONLY steelframe_friend
    ADD CONSTRAINT steelframe_friend_pkey PRIMARY KEY (id);


--
-- Name: steelframe_knownmessage steelframe_knownmessage_pkey; Type: CONSTRAINT; Schema: public; Owner: -
--

ALTER TABLE ONLY steelframe_knownmessage
    ADD CONSTRAINT steelframe_knownmessage_pkey PRIMARY KEY (id);


--
-- Name: steelframe_statechat steelframe_statechat_pkey; Type: CONSTRAINT; Schema: public; Owner: -
--

ALTER TABLE ONLY steelframe_statechat
    ADD CONSTRAINT steelframe_statechat_pkey PRIMARY KEY (id);


--
-- Name: auth_group_name_a6ea08ec_like; Type: INDEX; Schema: public; Owner: -
--

CREATE INDEX auth_group_name_a6ea08ec_like ON auth_group USING btree (name varchar_pattern_ops);


--
-- Name: auth_group_permissions_group_id_b120cbf9; Type: INDEX; Schema: public; Owner: -
--

CREATE INDEX auth_group_permissions_group_id_b120cbf9 ON auth_group_permissions USING btree (group_id);


--
-- Name: auth_group_permissions_permission_id_84c5c92e; Type: INDEX; Schema: public; Owner: -
--

CREATE INDEX auth_group_permissions_permission_id_84c5c92e ON auth_group_permissions USING btree (permission_id);


--
-- Name: auth_permission_content_type_id_2f476e4b; Type: INDEX; Schema: public; Owner: -
--

CREATE INDEX auth_permission_content_type_id_2f476e4b ON auth_permission USING btree (content_type_id);


--
-- Name: auth_user_groups_group_id_97559544; Type: INDEX; Schema: public; Owner: -
--

CREATE INDEX auth_user_groups_group_id_97559544 ON auth_user_groups USING btree (group_id);


--
-- Name: auth_user_groups_user_id_6a12ed8b; Type: INDEX; Schema: public; Owner: -
--

CREATE INDEX auth_user_groups_user_id_6a12ed8b ON auth_user_groups USING btree (user_id);


--
-- Name: auth_user_user_permissions_permission_id_1fbb5f2c; Type: INDEX; Schema: public; Owner: -
--

CREATE INDEX auth_user_user_permissions_permission_id_1fbb5f2c ON auth_user_user_permissions USING btree (permission_id);


--
-- Name: auth_user_user_permissions_user_id_a95ead1b; Type: INDEX; Schema: public; Owner: -
--

CREATE INDEX auth_user_user_permissions_user_id_a95ead1b ON auth_user_user_permissions USING btree (user_id);


--
-- Name: auth_user_username_6821ab7c_like; Type: INDEX; Schema: public; Owner: -
--

CREATE INDEX auth_user_username_6821ab7c_like ON auth_user USING btree (username varchar_pattern_ops);


--
-- Name: django_admin_log_content_type_id_c4bce8eb; Type: INDEX; Schema: public; Owner: -
--

CREATE INDEX django_admin_log_content_type_id_c4bce8eb ON django_admin_log USING btree (content_type_id);


--
-- Name: django_admin_log_user_id_c564eba6; Type: INDEX; Schema: public; Owner: -
--

CREATE INDEX django_admin_log_user_id_c564eba6 ON django_admin_log USING btree (user_id);


--
-- Name: django_session_expire_date_a5c62663; Type: INDEX; Schema: public; Owner: -
--

CREATE INDEX django_session_expire_date_a5c62663 ON django_session USING btree (expire_date);


--
-- Name: django_session_session_key_c0390e0f_like; Type: INDEX; Schema: public; Owner: -
--

CREATE INDEX django_session_session_key_c0390e0f_like ON django_session USING btree (session_key varchar_pattern_ops);


--
-- Name: steelframe_eventlog_friend_id_359baf8a; Type: INDEX; Schema: public; Owner: -
--

CREATE INDEX steelframe_eventlog_friend_id_359baf8a ON steelframe_eventlog USING btree (friend_id);


--
-- Name: steelframe_knownmessage_friend_id_ce0c4bc2; Type: INDEX; Schema: public; Owner: -
--

CREATE INDEX steelframe_knownmessage_friend_id_ce0c4bc2 ON steelframe_knownmessage USING btree (friend_id);


--
-- Name: steelframe_statechat_friend_id_a5d48f5f; Type: INDEX; Schema: public; Owner: -
--

CREATE INDEX steelframe_statechat_friend_id_a5d48f5f ON steelframe_statechat USING btree (friend_id);


--
-- Name: auth_group_permissions auth_group_permissio_permission_id_84c5c92e_fk_auth_perm; Type: FK CONSTRAINT; Schema: public; Owner: -
--

ALTER TABLE ONLY auth_group_permissions
    ADD CONSTRAINT auth_group_permissio_permission_id_84c5c92e_fk_auth_perm FOREIGN KEY (permission_id) REFERENCES auth_permission(id) DEFERRABLE INITIALLY DEFERRED;


--
-- Name: auth_group_permissions auth_group_permissions_group_id_b120cbf9_fk_auth_group_id; Type: FK CONSTRAINT; Schema: public; Owner: -
--

ALTER TABLE ONLY auth_group_permissions
    ADD CONSTRAINT auth_group_permissions_group_id_b120cbf9_fk_auth_group_id FOREIGN KEY (group_id) REFERENCES auth_group(id) DEFERRABLE INITIALLY DEFERRED;


--
-- Name: auth_permission auth_permission_content_type_id_2f476e4b_fk_django_co; Type: FK CONSTRAINT; Schema: public; Owner: -
--

ALTER TABLE ONLY auth_permission
    ADD CONSTRAINT auth_permission_content_type_id_2f476e4b_fk_django_co FOREIGN KEY (content_type_id) REFERENCES django_content_type(id) DEFERRABLE INITIALLY DEFERRED;


--
-- Name: auth_user_groups auth_user_groups_group_id_97559544_fk_auth_group_id; Type: FK CONSTRAINT; Schema: public; Owner: -
--

ALTER TABLE ONLY auth_user_groups
    ADD CONSTRAINT auth_user_groups_group_id_97559544_fk_auth_group_id FOREIGN KEY (group_id) REFERENCES auth_group(id) DEFERRABLE INITIALLY DEFERRED;


--
-- Name: auth_user_groups auth_user_groups_user_id_6a12ed8b_fk_auth_user_id; Type: FK CONSTRAINT; Schema: public; Owner: -
--

ALTER TABLE ONLY auth_user_groups
    ADD CONSTRAINT auth_user_groups_user_id_6a12ed8b_fk_auth_user_id FOREIGN KEY (user_id) REFERENCES auth_user(id) DEFERRABLE INITIALLY DEFERRED;


--
-- Name: auth_user_user_permissions auth_user_user_permi_permission_id_1fbb5f2c_fk_auth_perm; Type: FK CONSTRAINT; Schema: public; Owner: -
--

ALTER TABLE ONLY auth_user_user_permissions
    ADD CONSTRAINT auth_user_user_permi_permission_id_1fbb5f2c_fk_auth_perm FOREIGN KEY (permission_id) REFERENCES auth_permission(id) DEFERRABLE INITIALLY DEFERRED;


--
-- Name: auth_user_user_permissions auth_user_user_permissions_user_id_a95ead1b_fk_auth_user_id; Type: FK CONSTRAINT; Schema: public; Owner: -
--

ALTER TABLE ONLY auth_user_user_permissions
    ADD CONSTRAINT auth_user_user_permissions_user_id_a95ead1b_fk_auth_user_id FOREIGN KEY (user_id) REFERENCES auth_user(id) DEFERRABLE INITIALLY DEFERRED;


--
-- Name: django_admin_log django_admin_log_content_type_id_c4bce8eb_fk_django_co; Type: FK CONSTRAINT; Schema: public; Owner: -
--

ALTER TABLE ONLY django_admin_log
    ADD CONSTRAINT django_admin_log_content_type_id_c4bce8eb_fk_django_co FOREIGN KEY (content_type_id) REFERENCES django_content_type(id) DEFERRABLE INITIALLY DEFERRED;


--
-- Name: django_admin_log django_admin_log_user_id_c564eba6_fk_auth_user_id; Type: FK CONSTRAINT; Schema: public; Owner: -
--

ALTER TABLE ONLY django_admin_log
    ADD CONSTRAINT django_admin_log_user_id_c564eba6_fk_auth_user_id FOREIGN KEY (user_id) REFERENCES auth_user(id) DEFERRABLE INITIALLY DEFERRED;


--
-- Name: steelframe_eventlog steelframe_eventlog_friend_id_359baf8a_fk_steelframe_friend_id; Type: FK CONSTRAINT; Schema: public; Owner: -
--

ALTER TABLE ONLY steelframe_eventlog
    ADD CONSTRAINT steelframe_eventlog_friend_id_359baf8a_fk_steelframe_friend_id FOREIGN KEY (friend_id) REFERENCES steelframe_friend(id) DEFERRABLE INITIALLY DEFERRED;


--
-- Name: steelframe_knownmessage steelframe_knownmess_friend_id_ce0c4bc2_fk_steelfram; Type: FK CONSTRAINT; Schema: public; Owner: -
--

ALTER TABLE ONLY steelframe_knownmessage
    ADD CONSTRAINT steelframe_knownmess_friend_id_ce0c4bc2_fk_steelfram FOREIGN KEY (friend_id) REFERENCES steelframe_friend(id) DEFERRABLE INITIALLY DEFERRED;


--
-- Name: steelframe_statechat steelframe_statechat_friend_id_a5d48f5f_fk_steelframe_friend_id; Type: FK CONSTRAINT; Schema: public; Owner: -
--

ALTER TABLE ONLY steelframe_statechat
    ADD CONSTRAINT steelframe_statechat_friend_id_a5d48f5f_fk_steelframe_friend_id FOREIGN KEY (friend_id) REFERENCES steelframe_friend(id) DEFERRABLE INITIALLY DEFERRED;


--
-- PostgreSQL database dump complete
--

